,brand,product,price,review_rate,review_cnt
0,TOPTEN10,남성) AIRTECH 파카,"79,900",5,44
1,TOPTEN10,공용) COOL Air 코튼 더블니트 T (긴팔),"29,900",4.8,6
2,TOPTEN10,공용) COOL Air 코튼 더블니트 T (긴팔),"29,900",5,5
3,TOPTEN10,남성) 스쿠바 스트레이트 팬츠,"29,900",4.9,73
4,TOPTEN10,공용) COOL Air 코튼 더블니트 T (긴팔),"29,900",4.5,8
5,TOPTEN10,남성) AIRTECH 파카,"79,900",5,28
6,TOPTEN10,남성) 스웨이드 재킷,"89,900",5,3
7,TOPTEN10,남성) 후드 윈드브레이커,"79,900",5,2
8,TOPTEN10,남성) 퀵드라이 T (긴팔),"15,900",4.9,30
9,TOPTEN10,공용) COOL Air 코튼 더블니트 T (긴팔),"29,900",5,5
10,TOPTEN10,공용) COOL Air 코튼 더블니트 T (긴팔),"29,900",5,3
11,TOPTEN10,공용) COOL Air 코튼 더블니트 T (긴팔),"29,900",5,2
12,TOPTEN10,남성) 퀵드라이 T (긴팔),"15,900",5,3
13,TOPTEN10,남성) 후드 윈드브레이커,"79,900",5,3
14,TOPTEN10,남성) 브러시드 립 헨리넥 T (긴팔),"29,900",5,8
15,TOPTEN10,남성) 테이퍼드 데님,"39,900",5,1
16,TOPTEN10,남성) 브러시드 립 헨리넥 T (긴팔),"29,900",5,2
17,TOPTEN10,남성) 스웨이드 재킷,"89,900",5,1
18,TOPTEN10,남성) 스쿠바 스트레이트 팬츠,"29,900",5,37
19,TOPTEN10,남성) 플란넬 셔츠,"39,900",5,1
20,TOPTEN10,남성) 플란넬 셔츠,"39,900",5,1
21,TOPTEN10,남성) 스쿠바 와이드 스웨트 팬츠,"39,900",5,1
22,TOPTEN10,남성) 셔닐 헨리넥 스웨터,"39,900",5,1
23,TOPTEN10,남성) 코듀로이 셔츠,"39,900",5,1
24,TOPTEN10,남성) 테이퍼드 슬랙스 (셋업가능),"49,900",5,1
25,TOPTEN10,남성) 더블니트 와이드 스웨트팬츠,"25,900",5,9
26,TOPTEN10,남성) 퀵드라이 T (긴팔),"15,900",5,15
27,TOPTEN10,남성) 코듀로이 셔츠,"39,900",5,2
28,TOPTEN10,남성) 브러시드 립 헨리넥 T (긴팔),"29,900",5,4
29,TOPTEN10,남성) AIRTECH 파카,"79,900",4.9,22
30,TOPTEN10,남성) AIRTECH 파카,"79,900",5,17
31,TOPTEN10,공용) 코튼 크루넥 T (긴팔 스트라이프),"29,900",5,9
32,TOPTEN10,남성) 램스울 블렌드 크루넥 가디건,"59,900",,0
33,TOPTEN10,공용) 시어서커 패턴 오버핏 셔츠 (긴팔),"29,900",5,10
34,TOPTEN10,남성) 이지 와이드 데님,"39,900",4.9,17
35,TOPTEN10,남성) 플란넬 셔츠,"39,900",,0
36,TOPTEN10,남성) 코튼 테이퍼드 이지 팬츠,"39,900",5,2
37,TOPTEN10,공용) 코튼 베이직 반팔 티 (3PACK),"19,900",4.8,74
38,TOPTEN10,남성) 이지 와이드 데님,"39,900",5,19
39,TOPTEN10,공용) 시어서커 패턴 오버핏 셔츠 (긴팔),"29,900",4.7,7
40,TOPTEN10,남성) 울라이크 컴포트 재킷,"39,900",5,11
41,TOPTEN10,남성) AIRTECH 파카,"79,900",4.9,27
42,TOPTEN10,남성) 브러시드 립 헨리넥 T (긴팔),"29,900",,0
43,TOPTEN10,남성) 플란넬 셔츠,"39,900",5,7
44,TOPTEN10,남성) 와이드 데님,"39,900",5,2
45,TOPTEN10,남성) 커스터드얀 폴로넥 스웨터,"29,900",,0
46,TOPTEN10,남성) 와이드 치노 팬츠,"49,900",5,1
47,TOPTEN10,남성) AIRTECH 베스트,"49,900",,0
48,TOPTEN10,남성) 울라이크 스마트 재킷 (셋업가능),"89,900",,0
49,TOPTEN10,남성) 셔닐 텍스처드 T (긴팔),"29,900",5,1
50,TOPTEN10,남성) 플란넬 셔츠,"39,900",5,1
51,TOPTEN10,남성) 메리노 블렌드 폴로 스웨터,"39,900",5,1
52,TOPTEN10,남성) 와이드 치노 팬츠,"49,900",,0
53,TOPTEN10,남성) 플란넬 셔츠,"39,900",,0
54,TOPTEN10,남성) WARM 와이드 이지 데님,"39,900",,0
55,TOPTEN10,남성) 테이퍼드 슬랙스 (셋업가능),"49,900",,0
56,TOPTEN10,남성) 커스터드얀 집업 가디건,"49,900",,0
57,TOPTEN10,남성) 와이드 치노 팬츠,"49,900",5,1
58,TOPTEN10,공용) 코튼 크루넥 T (긴팔 스트라이프),"29,900",5,7
59,TOPTEN10,남성) 와이드 데님,"39,900",,0
60,TOPTEN10,공용) 오버핏 셔츠,"39,900",5,4
61,TOPTEN10,남성) 와이드 치노 팬츠,"49,900",,0
62,TOPTEN10,남성) 이지 와이드 데님,"39,900",5,11
63,TOPTEN10,남성) 커스터드얀 집업 가디건,"49,900",,0
64,TOPTEN10,남성) 코듀로이 셔츠,"39,900",5,1
65,TOPTEN10,남성) 와이드 데님,"39,900",,0
66,TOPTEN10,남성) 코듀로이 셔츠,"39,900",5,1
67,TOPTEN10,남성) 데님 트러커 재킷,"79,900",5,1
68,TOPTEN10,남성) 셔닐 헨리넥 스웨터,"39,900",5,3
69,TOPTEN10,공용) 오버핏 셔츠,"39,900",5,6
70,TOPTEN10,공용) 라이트 코튼 이지 팬츠,"19,900",4.7,3
71,TOPTEN10,남성) 셔닐 텍스처드 T (긴팔),"29,900",5,3
72,TOPTEN10,남성) 코듀로이 셔츠,"39,900",5,3
73,TOPTEN10,남성) 테이퍼드 데님,"39,900",,0
74,TOPTEN10,남성) 스트레이트 데님,"39,900",,0
75,TOPTEN10,남성) COOL Air 코튼 더블니트 그래픽 T,"39,900",5,1
76,TOPTEN10,남성) 스트레이트 데님,"39,900",5,1
77,TOPTEN10,남성) 수퍼스트레치 웜 카고 조거 팬츠,"49,900",,0
78,TOPTEN10,남성) 테리 스트레이트 스웨트팬츠,"19,900",4.7,22
79,TOPTEN10,공용) 시어서커 패턴 오버핏 셔츠 (긴팔),"29,900",5,14
80,TOPTEN10,남성) 수퍼스트레치 카고 조거 팬츠,"19,900",4.9,78
81,TOPTEN10,남성) 셔닐 턱와이드 스웨트팬츠,"39,900",,0
82,TOPTEN10,공용) 오버핏 셔츠,"39,900",5,1
83,TOPTEN10,남성) 테이퍼드 데님,"39,900",,0
84,TOPTEN10,남성) 메리노 블렌드 가디건,"39,900",3.5,2
85,TOPTEN10,남성) 셔닐 텍스처드 T (긴팔),"29,900",,0
86,TOPTEN10,남성) 수퍼스트레치 웜 스트레이트 팬츠,"49,900",4.5,2
87,TOPTEN10,남성) 램스울 블렌드 크루넥 가디건,"59,900",5,1
88,TOPTEN10,남성) 플란넬 셔츠,"39,900",5,3
89,TOPTEN10,남성) 플란넬 셔츠,"39,900",,0
90,TOPTEN10,남성) 스트레이트 데님,"39,900",5,2
91,TOPTEN10,남성) 퀵드라이 그래픽 탱크탑,"9,900",4.9,24
92,TOPTEN10,공용) 플란넬 라운지 팬츠,"19,900",,0
93,TOPTEN10,남성) 커스터드얀 폴로넥 스웨터,"29,900",,0
94,TOPTEN10,남성) 셔닐 카라 가디건,"49,900",5,1
95,TOPTEN10,남성) 커스터드얀 집업 가디건,"49,900",5,1
96,TOPTEN10,남성) 플리스 스트레이트 스웨트팬츠(2WAY),"39,900",,0
97,TOPTEN10,남성) 와이드 데님,"39,900",5,1
98,TOPTEN10,남성) 테이퍼드 데님,"39,900",,0
99,TOPTEN10,남성) 스쿠바 스트레이트 팬츠,"29,900",5,4
